{
  "pct99": 1.5258443355560303,
  "youden_j": 11.608051300048828
}